{
  "project_info": {
    "project_number": "627395378811",
    "project_id": "letsheadout-c7b22",
    "storage_bucket": "letsheadout-c7b22.appspot.com"
  },
  "client": [
    {
      "client_info": {
        "mobilesdk_app_id": "1:627395378811:android:114d72f938c8c15decacde",
        "android_client_info": {
          "package_name": "com.zakariahextech.lets_head_out"
        }
      },
      "oauth_client": [
        {
          "client_id": "627395378811-49klplln302rdst6irkb01vfqg1fa833.apps.googleusercontent.com",
          "client_type": 3
        }
      ],
      "api_key": [
        {
          "current_key": "AIzaSyByfamOhuDBu8kP-4T17ea_iIcHufh7DGk"
        }
      ],
      "services": {
        "appinvite_service": {
          "other_platform_oauth_client": [
            {
              "client_id": "627395378811-49klplln302rdst6irkb01vfqg1fa833.apps.googleusercontent.com",
              "client_type": 3
            }
          ]
        }
      }
    }
  ],
  "configuration_version": "1"
}